id,topic,gate,suggested_day,slot,text,x_weighted_characters,asset,alt_text,status
001,Meet Cival,EDUCATION,1,AM,"Cival Systems brings trading strategies, a dashboard and an automation workspace into one product family. Explore the idea before choosing how you want to run it. https://www.civalsystems.com/about?utm_source=x&utm_medium=organic_social&utm_campaign=cival_launch_2026&utm_content=post_001",186,assets/launch-brand.png,"Conceptual modular computing artwork for Cival Systems, not a product screenshot.",DRAFT_NOT_PUBLISHED
002,Meet Cival,EDUCATION,1,PM,"Your strategy needs somewhere to operate. Cival Systems is built around the workspace: agents, positions, risk settings and the information you need to monitor them. https://www.civalsystems.com/about?utm_source=x&utm_medium=organic_social&utm_campaign=cival_launch_2026&utm_content=post_002",189,assets/launch-brand.png,"Conceptual modular computing artwork for Cival Systems, not a product screenshot.",DRAFT_NOT_PUBLISHED
003,Meet Cival,EDUCATION,2,AM,"Curious about automated trading? Start with the workflow, not a return forecast. See what Cival Systems is building and how the pieces fit together. https://www.civalsystems.com/about?utm_source=x&utm_medium=organic_social&utm_campaign=cival_launch_2026&utm_content=post_003",172,assets/launch-brand.png,"Conceptual modular computing artwork for Cival Systems, not a product screenshot.",DRAFT_NOT_PUBLISHED
004,Meet Cival,EDUCATION,2,PM,"We built Cival Systems to make trading automation more approachable: a place to configure strategies, inspect activity and understand what your software is doing. https://www.civalsystems.com/about?utm_source=x&utm_medium=organic_social&utm_campaign=cival_launch_2026&utm_content=post_004",186,assets/launch-brand.png,"Conceptual modular computing artwork for Cival Systems, not a product screenshot.",DRAFT_NOT_PUBLISHED
005,Meet Cival,EDUCATION,3,AM,"An autonomous trading journey starts with understanding the system. Explore Cival Systems, compare the options and read the setup requirements before committing. https://www.civalsystems.com/about?utm_source=x&utm_medium=organic_social&utm_campaign=cival_launch_2026&utm_content=post_005",185,assets/launch-brand.png,"Conceptual modular computing artwork for Cival Systems, not a product screenshot.",DRAFT_NOT_PUBLISHED
006,Explore the demo,EDUCATION,3,PM,"Before choosing software, explore its interface. The Cival demo shows the broader dashboard with sample data. Demo results are illustrative, not expected returns. https://www.civalsystems.com/docs/setup?utm_source=x&utm_medium=organic_social&utm_campaign=cival_launch_2026&utm_content=post_006",186,assets/demo-overview.jpg,"Broader Cival dashboard demo showing sample data, not measured performance.",DRAFT_NOT_PUBLISHED
007,Explore the demo,EDUCATION,4,AM,"What should an agent dashboard tell you? Its status, allocation and recent activity are a useful start. Explore those ideas in the Cival demo. Sample data only. https://www.civalsystems.com/docs/setup?utm_source=x&utm_medium=organic_social&utm_campaign=cival_launch_2026&utm_content=post_007",184,assets/demo-overview.jpg,"Broader Cival dashboard demo showing sample data, not measured performance.",DRAFT_NOT_PUBLISHED
008,Explore the demo,EDUCATION,4,PM,A product screenshot should help you understand the product. Our galleries identify demo and hosted testnet captures so you can tell what you are looking at. https://www.civalsystems.com/docs/setup?utm_source=x&utm_medium=organic_social&utm_campaign=cival_launch_2026&utm_content=post_008,181,assets/demo-overview.jpg,"Broader Cival dashboard demo showing sample data, not measured performance.",DRAFT_NOT_PUBLISHED
009,Explore the demo,EDUCATION,5,AM,"Take the Cival demo for a walkthrough: inspect the overview, open an agent and explore the surrounding workspace. The demo uses sample data. https://www.civalsystems.com/docs/setup?utm_source=x&utm_medium=organic_social&utm_campaign=cival_launch_2026&utm_content=post_009",164,assets/demo-overview.jpg,"Broader Cival dashboard demo showing sample data, not measured performance.",DRAFT_NOT_PUBLISHED
010,Explore the demo,EDUCATION,5,PM,"Prefer to look before you read? Start with the dashboard screenshots, then check the package contents. The broader demo includes features beyond individual source packages. https://www.civalsystems.com/docs/setup?utm_source=x&utm_medium=organic_social&utm_campaign=cival_launch_2026&utm_content=post_010",196,assets/demo-overview.jpg,"Broader Cival dashboard demo showing sample data, not measured performance.",DRAFT_NOT_PUBLISHED
011,Hosting explained,HOSTING_REVIEW,6,AM,"Want a hosted workspace instead of maintaining your own server? Compare Cival hosting plans, agent capacity and setup requirements. Trading involves risk. https://www.civalsystems.com/hosted?utm_source=x&utm_medium=organic_social&utm_campaign=cival_launch_2026&utm_content=post_011",178,assets/launch-brand.png,"Conceptual modular computing artwork for Cival Systems, not a product screenshot.",DRAFT_NOT_PUBLISHED
012,Hosting explained,HOSTING_REVIEW,6,PM,Cival hosting and source-code purchases are separate offerings. Hosting provides a managed workspace; source software is for people who want to run and modify their own installation. https://www.civalsystems.com/hosted?utm_source=x&utm_medium=organic_social&utm_campaign=cival_launch_2026&utm_content=post_012,206,assets/launch-brand.png,"Conceptual modular computing artwork for Cival Systems, not a product screenshot.",DRAFT_NOT_PUBLISHED
013,Hosting explained,HOSTING_REVIEW,7,AM,"Choose hosting by the number of agents you need, then configure your workspace. More agents do not guarantee better results. See the current plans and terms. https://www.civalsystems.com/hosted?utm_source=x&utm_medium=organic_social&utm_campaign=cival_launch_2026&utm_content=post_013",181,assets/launch-brand.png,"Conceptual modular computing artwork for Cival Systems, not a product screenshot.",DRAFT_NOT_PUBLISHED
014,Hosting explained,HOSTING_REVIEW,7,PM,"A hosted dashboard still needs an operator. Choose your strategy, connect the right account, set limits and review activity. Read how Cival hosting works. https://www.civalsystems.com/hosted?utm_source=x&utm_medium=organic_social&utm_campaign=cival_launch_2026&utm_content=post_014",178,assets/launch-brand.png,"Conceptual modular computing artwork for Cival Systems, not a product screenshot.",DRAFT_NOT_PUBLISHED
015,Hosting explained,HOSTING_REVIEW,8,AM,"Infrastructure is only part of automated trading. Your account connection, strategy configuration and risk decisions matter too. Start with the Cival hosting guide. https://www.civalsystems.com/hosted?utm_source=x&utm_medium=organic_social&utm_campaign=cival_launch_2026&utm_content=post_015",188,assets/launch-brand.png,"Conceptual modular computing artwork for Cival Systems, not a product screenshot.",DRAFT_NOT_PUBLISHED
016,Solo trial,HOSTING_REVIEW,8,PM,Eligible new Cival hosting customers can start Solo with a seven-day trial. A payment method is required. Review the renewal amount and date at checkout; cancel before renewal to avoid the charge. https://www.civalsystems.com/hosted?utm_source=x&utm_medium=organic_social&utm_campaign=cival_launch_2026&utm_content=post_016,220,assets/launch-brand.png,"Conceptual modular computing artwork for Cival Systems, not a product screenshot.",DRAFT_NOT_PUBLISHED
017,Solo trial,HOSTING_REVIEW,9,AM,The Solo trial is a chance to evaluate the workspace and setup flow. It does not include trading capital or promise a return. Check eligibility and billing terms before starting. https://www.civalsystems.com/hosted?utm_source=x&utm_medium=organic_social&utm_campaign=cival_launch_2026&utm_content=post_017,202,assets/launch-brand.png,"Conceptual modular computing artwork for Cival Systems, not a product screenshot.",DRAFT_NOT_PUBLISHED
018,Solo trial,HOSTING_REVIEW,9,PM,"One strategy is enough to learn the workflow: configure, connect, validate and monitor. Explore Solo hosting and the seven-day trial terms. https://www.civalsystems.com/hosted?utm_source=x&utm_medium=organic_social&utm_campaign=cival_launch_2026&utm_content=post_018",163,assets/launch-brand.png,"Conceptual modular computing artwork for Cival Systems, not a product screenshot.",DRAFT_NOT_PUBLISHED
019,Solo trial,HOSTING_REVIEW,10,AM,"Before starting a trial, know what happens next. Cival hosting explains provisioning, account connection and renewal. Stripe shows billing details before confirmation. https://www.civalsystems.com/hosted?utm_source=x&utm_medium=organic_social&utm_campaign=cival_launch_2026&utm_content=post_019",191,assets/launch-brand.png,"Conceptual modular computing artwork for Cival Systems, not a product screenshot.",DRAFT_NOT_PUBLISHED
020,Solo trial,HOSTING_REVIEW,10,PM,Use your trial to ask practical questions: Can I understand the settings? Can I inspect activity? Do I know how to stop? Explore Solo hosting and its current terms. https://www.civalsystems.com/hosted?utm_source=x&utm_medium=organic_social&utm_campaign=cival_launch_2026&utm_content=post_020,188,assets/launch-brand.png,"Conceptual modular computing artwork for Cival Systems, not a product screenshot.",DRAFT_NOT_PUBLISHED
021,Setup workflow,EDUCATION,11,AM,Four useful setup questions: Which edition am I using? Which network is selected? Which account is connected? What limits are configured? Start with the Cival setup guide. https://www.civalsystems.com/docs/setup?utm_source=x&utm_medium=organic_social&utm_campaign=cival_launch_2026&utm_content=post_021,195,assets/workflow-square.png,"Conceptual illustration of configure, validate and monitor stages; not a product screenshot.",DRAFT_NOT_PUBLISHED
022,Setup workflow,EDUCATION,11,PM,"Installation is the beginning. Validate configuration, account access and the order lifecycle before relying on automation. Our setup guide lays out the checks. https://www.civalsystems.com/docs/setup?utm_source=x&utm_medium=organic_social&utm_campaign=cival_launch_2026&utm_content=post_022",184,assets/workflow-square.png,"Conceptual illustration of configure, validate and monitor stages; not a product screenshot.",DRAFT_NOT_PUBLISHED
023,Setup workflow,EDUCATION,12,AM,Keep your software version and its documentation together. A screenshot of a broader edition is not a substitute for the instructions shipped with your package. https://www.civalsystems.com/docs/setup?utm_source=x&utm_medium=organic_social&utm_campaign=cival_launch_2026&utm_content=post_023,184,assets/workflow-square.png,"Conceptual illustration of configure, validate and monitor stages; not a product screenshot.",DRAFT_NOT_PUBLISHED
024,Setup workflow,EDUCATION,12,PM,"Before enabling an agent, understand its inputs and settings. Cival documentation explains the product paths and the checks to make before a first run. https://www.civalsystems.com/docs/setup?utm_source=x&utm_medium=organic_social&utm_campaign=cival_launch_2026&utm_content=post_024",175,assets/workflow-square.png,"Conceptual illustration of configure, validate and monitor stages; not a product screenshot.",DRAFT_NOT_PUBLISHED
025,Setup workflow,EDUCATION,13,AM,Need help choosing between a hosted workspace and source software? Start with the setup guide. The responsibilities and requirements are different. https://www.civalsystems.com/docs/setup?utm_source=x&utm_medium=organic_social&utm_campaign=cival_launch_2026&utm_content=post_025,171,assets/workflow-square.png,"Conceptual illustration of configure, validate and monitor stages; not a product screenshot.",DRAFT_NOT_PUBLISHED
026,Risk and monitoring,EDUCATION,13,PM,"Automation does not remove risk. Position sizing, exposure limits and monitoring still matter. Explore the Cival workflow with that responsibility in mind. https://www.civalsystems.com/docs/setup?utm_source=x&utm_medium=organic_social&utm_campaign=cival_launch_2026&utm_content=post_026",179,assets/workflow-square.png,"Conceptual illustration of configure, validate and monitor stages; not a product screenshot.",DRAFT_NOT_PUBLISHED
027,Risk and monitoring,EDUCATION,14,AM,"A running process is not proof of a healthy strategy. Check data freshness, orders and venue positions. Learn the setup and monitoring workflow before enabling automation. https://www.civalsystems.com/docs/setup?utm_source=x&utm_medium=organic_social&utm_campaign=cival_launch_2026&utm_content=post_027",195,assets/workflow-square.png,"Conceptual illustration of configure, validate and monitor stages; not a product screenshot.",DRAFT_NOT_PUBLISHED
028,Risk and monitoring,EDUCATION,14,PM,"Before your first automated trade, know how to pause new entries and inspect existing exposure. Read the Cival setup guide and validate the behavior you depend on. https://www.civalsystems.com/docs/setup?utm_source=x&utm_medium=organic_social&utm_campaign=cival_launch_2026&utm_content=post_028",187,assets/workflow-square.png,"Conceptual illustration of configure, validate and monitor stages; not a product screenshot.",DRAFT_NOT_PUBLISHED
029,Risk and monitoring,EDUCATION,15,AM,"Risk controls are useful only when you understand their scope. Ask what each limit measures, when it takes effect and what happens to existing positions. https://www.civalsystems.com/docs/setup?utm_source=x&utm_medium=organic_social&utm_campaign=cival_launch_2026&utm_content=post_029",177,assets/workflow-square.png,"Conceptual illustration of configure, validate and monitor stages; not a product screenshot.",DRAFT_NOT_PUBLISHED
030,Risk and monitoring,EDUCATION,15,PM,"Start with a clear operating plan: what you will monitor, when you will intervene and how you will verify the result. Trading software still needs supervision. https://www.civalsystems.com/docs/setup?utm_source=x&utm_medium=organic_social&utm_campaign=cival_launch_2026&utm_content=post_030",183,assets/workflow-square.png,"Conceptual illustration of configure, validate and monitor stages; not a product screenshot.",DRAFT_NOT_PUBLISHED
031,Network clarity,EDUCATION,16,AM,Testnet and mainnet are different environments. Check the selected network and connected account before funding or enabling a strategy. Test funds are not real trading capital. https://www.civalsystems.com/docs/setup?utm_source=x&utm_medium=organic_social&utm_campaign=cival_launch_2026&utm_content=post_031,200,assets/workflow-square.png,"Conceptual illustration of configure, validate and monitor stages; not a product screenshot.",DRAFT_NOT_PUBLISHED
032,Network clarity,EDUCATION,16,PM,"A testnet trade can help validate an order workflow. It does not establish how a strategy will perform with real liquidity, fees or market conditions. https://www.civalsystems.com/docs/setup?utm_source=x&utm_medium=organic_social&utm_campaign=cival_launch_2026&utm_content=post_032",174,assets/workflow-square.png,"Conceptual illustration of configure, validate and monitor stages; not a product screenshot.",DRAFT_NOT_PUBLISHED
033,Network clarity,EDUCATION,17,AM,"When reviewing a trading screenshot, ask which network it came from. Cival galleries label hosted testnet captures and demo sample data. https://www.civalsystems.com/docs/setup?utm_source=x&utm_medium=organic_social&utm_campaign=cival_launch_2026&utm_content=post_033",160,assets/workflow-square.png,"Conceptual illustration of configure, validate and monitor stages; not a product screenshot.",DRAFT_NOT_PUBLISHED
034,Network clarity,EDUCATION,17,PM,"A useful first milestone is a verified order lifecycle: entry, protection, management and exit. A balance display alone does not establish that automation works. https://www.civalsystems.com/docs/setup?utm_source=x&utm_medium=organic_social&utm_campaign=cival_launch_2026&utm_content=post_034",185,assets/workflow-square.png,"Conceptual illustration of configure, validate and monitor stages; not a product screenshot.",DRAFT_NOT_PUBLISHED
035,Network clarity,EDUCATION,18,AM,"Before changing networks, recheck addresses, permissions and configuration. Treat a successful testnet run as a technical check, not a profitability forecast. https://www.civalsystems.com/docs/setup?utm_source=x&utm_medium=organic_social&utm_campaign=cival_launch_2026&utm_content=post_035",182,assets/workflow-square.png,"Conceptual illustration of configure, validate and monitor stages; not a product screenshot.",DRAFT_NOT_PUBLISHED
036,Account permissions,EDUCATION,18,PM,Understand the permissions you approve. A trading key and your main wallet are not the same thing. Read the account-connection instructions before authorizing an agent. https://www.civalsystems.com/docs/setup?utm_source=x&utm_medium=organic_social&utm_campaign=cival_launch_2026&utm_content=post_036,192,assets/workflow-square.png,"Conceptual illustration of configure, validate and monitor stages; not a product screenshot.",DRAFT_NOT_PUBLISHED
037,Account permissions,EDUCATION,19,AM,Never share a seed phrase in a support chat. Use the documented account-connection flow and verify the domain before approving a wallet request. https://www.civalsystems.com/docs/setup?utm_source=x&utm_medium=organic_social&utm_campaign=cival_launch_2026&utm_content=post_037,168,assets/workflow-square.png,"Conceptual illustration of configure, validate and monitor stages; not a product screenshot.",DRAFT_NOT_PUBLISHED
038,Account permissions,EDUCATION,19,PM,"Connecting an account is a meaningful step. Confirm the network, wallet and requested permissions, then verify the connection in your workspace. https://www.civalsystems.com/docs/setup?utm_source=x&utm_medium=organic_social&utm_campaign=cival_launch_2026&utm_content=post_038",168,assets/workflow-square.png,"Conceptual illustration of configure, validate and monitor stages; not a product screenshot.",DRAFT_NOT_PUBLISHED
039,Account permissions,EDUCATION,20,AM,Trade-only permissions limit what a key can do; they do not prevent trading losses. Review account permissions and strategy risk together. https://www.civalsystems.com/docs/setup?utm_source=x&utm_medium=organic_social&utm_campaign=cival_launch_2026&utm_content=post_039,162,assets/workflow-square.png,"Conceptual illustration of configure, validate and monitor stages; not a product screenshot.",DRAFT_NOT_PUBLISHED
040,Account permissions,EDUCATION,20,PM,"Keep account access understandable. Know which key is authorized, what it can do and where to revoke it. Begin with the connection guide. https://www.civalsystems.com/docs/setup?utm_source=x&utm_medium=organic_social&utm_campaign=cival_launch_2026&utm_content=post_040",161,assets/workflow-square.png,"Conceptual illustration of configure, validate and monitor stages; not a product screenshot.",DRAFT_NOT_PUBLISHED
041,Agent selection,EDUCATION,21,AM,"Breakout, trend and mean-reversion strategies make different assumptions. Compare the rules before comparing the names. Cival product pages explain each approach and its limitations. https://www.civalsystems.com/store?utm_source=x&utm_medium=organic_social&utm_campaign=cival_launch_2026&utm_content=post_041",206,assets/launch-brand.png,"Conceptual modular computing artwork for Cival Systems, not a product screenshot.",DRAFT_NOT_PUBLISHED
042,Agent selection,EDUCATION,21,PM,"An agent is a set of rules running inside a system. Learn what data it uses, how it forms a signal and what configuration it expects before choosing one. https://www.civalsystems.com/store?utm_source=x&utm_medium=organic_social&utm_campaign=cival_launch_2026&utm_content=post_042",177,assets/launch-brand.png,"Conceptual modular computing artwork for Cival Systems, not a product screenshot.",DRAFT_NOT_PUBLISHED
043,Agent selection,EDUCATION,22,AM,"Which strategy fits your research question? Explore the Cival catalog, read the requirements and check availability. No strategy guarantees a profit. https://www.civalsystems.com/store?utm_source=x&utm_medium=organic_social&utm_campaign=cival_launch_2026&utm_content=post_043",173,assets/launch-brand.png,"Conceptual modular computing artwork for Cival Systems, not a product screenshot.",DRAFT_NOT_PUBLISHED
044,Agent selection,EDUCATION,22,PM,"A bundle offers more approaches to investigate, not a guarantee of diversification. Different agents can still produce correlated exposure. https://www.civalsystems.com/store?utm_source=x&utm_medium=organic_social&utm_campaign=cival_launch_2026&utm_content=post_044",163,assets/launch-brand.png,"Conceptual modular computing artwork for Cival Systems, not a product screenshot.",DRAFT_NOT_PUBLISHED
045,Agent selection,EDUCATION,23,AM,"Choose an agent because you understand its behavior. Product pages should help you evaluate inputs, assumptions and requirements, not just a name or an image. https://www.civalsystems.com/store?utm_source=x&utm_medium=organic_social&utm_campaign=cival_launch_2026&utm_content=post_045",182,assets/launch-brand.png,"Conceptual modular computing artwork for Cival Systems, not a product screenshot.",DRAFT_NOT_PUBLISHED
046,Core edition,SOURCE_HOLD,23,PM,Core Edition is the starting point for Cival source software: the dashboard foundation with Darvas included. Review its contents and setup requirements. Source sales remain on hold pending release validation. https://www.civalsystems.com/store/trading-dashboard-template?utm_source=x&utm_medium=organic_social&utm_campaign=cival_launch_2026&utm_content=post_046,232,assets/launch-brand.png,"Conceptual modular computing artwork for Cival Systems, not a product screenshot.",DRAFT_NOT_PUBLISHED
047,Core edition,SOURCE_HOLD,24,AM,Want to modify your trading workspace? Explore Core Edition and its TypeScript source offering. It requires your own setup. New source sales are currently on hold. https://www.civalsystems.com/store/trading-dashboard-template?utm_source=x&utm_medium=organic_social&utm_campaign=cival_launch_2026&utm_content=post_047,187,assets/launch-brand.png,"Conceptual modular computing artwork for Cival Systems, not a product screenshot.",DRAFT_NOT_PUBLISHED
048,Core edition,SOURCE_HOLD,24,PM,Core and hosting serve different needs. Core is source software to install and maintain yourself; hosting is a separate service. Check the release notice before purchasing. https://www.civalsystems.com/store/trading-dashboard-template?utm_source=x&utm_medium=organic_social&utm_campaign=cival_launch_2026&utm_content=post_048,196,assets/launch-brand.png,"Conceptual modular computing artwork for Cival Systems, not a product screenshot.",DRAFT_NOT_PUBLISHED
049,Core edition,SOURCE_HOLD,25,AM,"Core includes Darvas, so you do not need to buy that agent separately for the same installation. Review the product contents. Source sales remain on hold. https://www.civalsystems.com/store/trading-dashboard-template?utm_source=x&utm_medium=organic_social&utm_campaign=cival_launch_2026&utm_content=post_049",178,assets/launch-brand.png,"Conceptual modular computing artwork for Cival Systems, not a product screenshot.",DRAFT_NOT_PUBLISHED
050,Core edition,SOURCE_HOLD,25,PM,"Before choosing Core, read the installation requirements and license. The goal is an understandable starting point for customization. Release validation is still in progress. https://www.civalsystems.com/store/trading-dashboard-template?utm_source=x&utm_medium=organic_social&utm_campaign=cival_launch_2026&utm_content=post_050",198,assets/launch-brand.png,"Conceptual modular computing artwork for Cival Systems, not a product screenshot.",DRAFT_NOT_PUBLISHED
051,Trader edition,SOURCE_HOLD,26,AM,Trader Edition brings Core and six strategy frameworks into one source package. Read the included-agent list and requirements. New source sales are on hold pending validation. https://www.civalsystems.com/store/multi-strat-bundle?utm_source=x&utm_medium=organic_social&utm_campaign=cival_launch_2026&utm_content=post_051,199,assets/launch-brand.png,"Conceptual modular computing artwork for Cival Systems, not a product screenshot.",DRAFT_NOT_PUBLISHED
052,Trader edition,SOURCE_HOLD,26,PM,"Want to compare multiple programmed approaches? Explore Trader Edition: the source bundle includes breakout, trend, reversion and research strategies. Availability is subject to release validation. https://www.civalsystems.com/store/multi-strat-bundle?utm_source=x&utm_medium=organic_social&utm_campaign=cival_launch_2026&utm_content=post_052",221,assets/launch-brand.png,"Conceptual modular computing artwork for Cival Systems, not a product screenshot.",DRAFT_NOT_PUBLISHED
053,Trader edition,SOURCE_HOLD,27,AM,Trader includes Core. Check bundle contents before adding separate agents so you do not purchase overlapping licenses. Source sales are currently on hold. https://www.civalsystems.com/store/multi-strat-bundle?utm_source=x&utm_medium=organic_social&utm_campaign=cival_launch_2026&utm_content=post_053,178,assets/launch-brand.png,"Conceptual modular computing artwork for Cival Systems, not a product screenshot.",DRAFT_NOT_PUBLISHED
054,Trader edition,SOURCE_HOLD,27,PM,A strategy collection gives you more rules to study and customize. It does not provide a guaranteed edge. Explore the Trader contents and current release notice. https://www.civalsystems.com/store/multi-strat-bundle?utm_source=x&utm_medium=organic_social&utm_campaign=cival_launch_2026&utm_content=post_054,185,assets/launch-brand.png,"Conceptual modular computing artwork for Cival Systems, not a product screenshot.",DRAFT_NOT_PUBLISHED
055,Trader edition,SOURCE_HOLD,28,AM,"Trader is a source bundle, not a managed hosting subscription. Plan for installation, configuration and maintenance. Review the requirements and release status. https://www.civalsystems.com/store/multi-strat-bundle?utm_source=x&utm_medium=organic_social&utm_campaign=cival_launch_2026&utm_content=post_055",184,assets/launch-brand.png,"Conceptual modular computing artwork for Cival Systems, not a product screenshot.",DRAFT_NOT_PUBLISHED
056,Darvas,SOURCE_HOLD,28,PM,Darvas Box Breakout Agent uses programmed box-breakout rules. Learn what the package includes and which dashboard it requires. New source sales are currently on hold. https://www.civalsystems.com/store/darvas-indicator?utm_source=x&utm_medium=organic_social&utm_campaign=cival_launch_2026&utm_content=post_056,190,assets/launch-brand.png,"Conceptual modular computing artwork for Cival Systems, not a product screenshot.",DRAFT_NOT_PUBLISHED
057,Darvas,SOURCE_HOLD,29,AM,"A breakout can fail. Darvas research begins with the box rules, entry conditions and invalidation, not an assumption that every breakout will continue. https://www.civalsystems.com/store/darvas-indicator?utm_source=x&utm_medium=organic_social&utm_campaign=cival_launch_2026&utm_content=post_057",175,assets/launch-brand.png,"Conceptual modular computing artwork for Cival Systems, not a product screenshot.",DRAFT_NOT_PUBLISHED
058,Darvas,SOURCE_HOLD,29,PM,Darvas is already included in Core and Trader. Compare package contents before buying an individual agent. Source release validation is still in progress. https://www.civalsystems.com/store/darvas-indicator?utm_source=x&utm_medium=organic_social&utm_campaign=cival_launch_2026&utm_content=post_058,178,assets/launch-brand.png,"Conceptual modular computing artwork for Cival Systems, not a product screenshot.",DRAFT_NOT_PUBLISHED
059,Darvas,SOURCE_HOLD,30,AM,"Interested in rule-based breakout trading? Read the Darvas product page, review its requirements and understand its limitations before considering deployment. https://www.civalsystems.com/store/darvas-indicator?utm_source=x&utm_medium=organic_social&utm_campaign=cival_launch_2026&utm_content=post_059",182,assets/launch-brand.png,"Conceptual modular computing artwork for Cival Systems, not a product screenshot.",DRAFT_NOT_PUBLISHED
060,Darvas,SOURCE_HOLD,30,PM,Agent selection starts with a question: what market behavior am I trying to capture? Darvas focuses on box breakouts. Read the rules and current release notice. https://www.civalsystems.com/store/darvas-indicator?utm_source=x&utm_medium=organic_social&utm_campaign=cival_launch_2026&utm_content=post_060,184,assets/launch-brand.png,"Conceptual modular computing artwork for Cival Systems, not a product screenshot.",DRAFT_NOT_PUBLISHED
061,Elliott,SOURCE_HOLD,31,AM,The Elliott Wave Pattern Agent uses programmed price-swing rules. It does not guarantee wave identification. Explore the approach and requirements; source sales are on hold. https://www.civalsystems.com/store/elliott-wave-agent?utm_source=x&utm_medium=organic_social&utm_campaign=cival_launch_2026&utm_content=post_061,197,assets/launch-brand.png,"Conceptual modular computing artwork for Cival Systems, not a product screenshot.",DRAFT_NOT_PUBLISHED
062,Elliott,SOURCE_HOLD,31,PM,"Pattern-based strategies depend on how a pattern is defined. Read the Elliott agent description with that in mind, then review its configuration and release status. https://www.civalsystems.com/store/elliott-wave-agent?utm_source=x&utm_medium=organic_social&utm_campaign=cival_launch_2026&utm_content=post_062",188,assets/launch-brand.png,"Conceptual modular computing artwork for Cival Systems, not a product screenshot.",DRAFT_NOT_PUBLISHED
063,Elliott,SOURCE_HOLD,32,AM,"Wave labels are an interpretation, not certainty. Explore the Cival Elliott framework as a set of explicit rules to inspect and evaluate. https://www.civalsystems.com/store/elliott-wave-agent?utm_source=x&utm_medium=organic_social&utm_campaign=cival_launch_2026&utm_content=post_063",161,assets/launch-brand.png,"Conceptual modular computing artwork for Cival Systems, not a product screenshot.",DRAFT_NOT_PUBLISHED
064,Elliott,SOURCE_HOLD,32,PM,Elliott is one of the six frameworks listed in Trader Edition. Compare the bundle before choosing an individual license. Source sales await release validation. https://www.civalsystems.com/store/elliott-wave-agent?utm_source=x&utm_medium=organic_social&utm_campaign=cival_launch_2026&utm_content=post_064,183,assets/launch-brand.png,"Conceptual modular computing artwork for Cival Systems, not a product screenshot.",DRAFT_NOT_PUBLISHED
065,Elliott,SOURCE_HOLD,33,AM,"A useful strategy description explains its assumptions. The Elliott agent page describes a programmed swing-pattern approach, with limitations visible alongside the offering. https://www.civalsystems.com/store/elliott-wave-agent?utm_source=x&utm_medium=organic_social&utm_campaign=cival_launch_2026&utm_content=post_065",198,assets/launch-brand.png,"Conceptual modular computing artwork for Cival Systems, not a product screenshot.",DRAFT_NOT_PUBLISHED
066,VWAP,SOURCE_HOLD,33,PM,"The VWAP Strategy Agent uses volume-weighted price rules. Review its inputs, configuration and dashboard requirements. Source sales remain on hold pending validation. https://www.civalsystems.com/store/vwap-momentum-agent?utm_source=x&utm_medium=organic_social&utm_campaign=cival_launch_2026&utm_content=post_066",190,assets/launch-brand.png,"Conceptual modular computing artwork for Cival Systems, not a product screenshot.",DRAFT_NOT_PUBLISHED
067,VWAP,SOURCE_HOLD,34,AM,Volume-weighted signals need reliable data and clear configuration. Explore the VWAP agent description before deciding whether it fits your research. https://www.civalsystems.com/store/vwap-momentum-agent?utm_source=x&utm_medium=organic_social&utm_campaign=cival_launch_2026&utm_content=post_067,173,assets/launch-brand.png,"Conceptual modular computing artwork for Cival Systems, not a product screenshot.",DRAFT_NOT_PUBLISHED
068,VWAP,SOURCE_HOLD,34,PM,"A familiar indicator is not a complete operating plan. Understand how the VWAP package turns its inputs into signals, then validate the surrounding execution workflow. https://www.civalsystems.com/store/vwap-momentum-agent?utm_source=x&utm_medium=organic_social&utm_campaign=cival_launch_2026&utm_content=post_068",191,assets/launch-brand.png,"Conceptual modular computing artwork for Cival Systems, not a product screenshot.",DRAFT_NOT_PUBLISHED
069,VWAP,SOURCE_HOLD,35,AM,VWAP is included in Trader Edition. Read the bundle contents before choosing the individual agent. Current source availability is shown on the product page. https://www.civalsystems.com/store/vwap-momentum-agent?utm_source=x&utm_medium=organic_social&utm_campaign=cival_launch_2026&utm_content=post_069,180,assets/launch-brand.png,"Conceptual modular computing artwork for Cival Systems, not a product screenshot.",DRAFT_NOT_PUBLISHED
070,VWAP,SOURCE_HOLD,35,PM,Interested in volume-weighted strategy research? Start with the VWAP product details and limitations. No indicator guarantees a profitable entry. https://www.civalsystems.com/store/vwap-momentum-agent?utm_source=x&utm_medium=organic_social&utm_campaign=cival_launch_2026&utm_content=post_070,169,assets/launch-brand.png,"Conceptual modular computing artwork for Cival Systems, not a product screenshot.",DRAFT_NOT_PUBLISHED
071,Heikin Ashi,SOURCE_HOLD,36,AM,Heikin Ashi Trend Agent explores trend-following rules using transformed candles. Read its requirements and limitations. Source sales are currently on hold. https://www.civalsystems.com/store/heikin-ashi-agent?utm_source=x&utm_medium=organic_social&utm_campaign=cival_launch_2026&utm_content=post_071,180,assets/launch-brand.png,"Conceptual modular computing artwork for Cival Systems, not a product screenshot.",DRAFT_NOT_PUBLISHED
072,Heikin Ashi,SOURCE_HOLD,36,PM,Smoothed candles can make a trend easier to inspect; they do not remove reversals or execution risk. Explore the Heikin Ashi strategy description. https://www.civalsystems.com/store/heikin-ashi-agent?utm_source=x&utm_medium=organic_social&utm_campaign=cival_launch_2026&utm_content=post_072,170,assets/launch-brand.png,"Conceptual modular computing artwork for Cival Systems, not a product screenshot.",DRAFT_NOT_PUBLISHED
073,Heikin Ashi,SOURCE_HOLD,37,AM,Trend-following systems can struggle in changing conditions. Study the Heikin Ashi rules and evaluate the behavior you expect before using an agent. https://www.civalsystems.com/store/heikin-ashi-agent?utm_source=x&utm_medium=organic_social&utm_campaign=cival_launch_2026&utm_content=post_073,172,assets/launch-brand.png,"Conceptual modular computing artwork for Cival Systems, not a product screenshot.",DRAFT_NOT_PUBLISHED
074,Heikin Ashi,SOURCE_HOLD,37,PM,Heikin Ashi is included in Trader Edition. Compare the source bundle and individual package contents. New sales await release validation. https://www.civalsystems.com/store/heikin-ashi-agent?utm_source=x&utm_medium=organic_social&utm_campaign=cival_launch_2026&utm_content=post_074,161,assets/launch-brand.png,"Conceptual modular computing artwork for Cival Systems, not a product screenshot.",DRAFT_NOT_PUBLISHED
075,Heikin Ashi,SOURCE_HOLD,38,AM,"Prefer explicit trend rules to discretionary chart interpretation? Explore the Heikin Ashi framework, its setup requirements and current release notice. https://www.civalsystems.com/store/heikin-ashi-agent?utm_source=x&utm_medium=organic_social&utm_campaign=cival_launch_2026&utm_content=post_075",176,assets/launch-brand.png,"Conceptual modular computing artwork for Cival Systems, not a product screenshot.",DRAFT_NOT_PUBLISHED
076,Mean reversion,SOURCE_HOLD,38,PM,Bollinger Mean Reversion Agent uses Bollinger-based rules. A move away from a mean can continue. Read the approach and requirements; source sales are on hold. https://www.civalsystems.com/store/mean-reversion-agent?utm_source=x&utm_medium=organic_social&utm_campaign=cival_launch_2026&utm_content=post_076,182,assets/launch-brand.png,"Conceptual modular computing artwork for Cival Systems, not a product screenshot.",DRAFT_NOT_PUBLISHED
077,Mean reversion,SOURCE_HOLD,39,AM,"Mean reversion is a hypothesis to test, not a promise that price must come back. Explore the Cival strategy page and its limitations. https://www.civalsystems.com/store/mean-reversion-agent?utm_source=x&utm_medium=organic_social&utm_campaign=cival_launch_2026&utm_content=post_077",157,assets/launch-brand.png,"Conceptual modular computing artwork for Cival Systems, not a product screenshot.",DRAFT_NOT_PUBLISHED
078,Mean reversion,SOURCE_HOLD,39,PM,"Before using a reversion strategy, understand the conditions that can invalidate it. The product page is the starting point for reviewing the programmed approach. https://www.civalsystems.com/store/mean-reversion-agent?utm_source=x&utm_medium=organic_social&utm_campaign=cival_launch_2026&utm_content=post_078",186,assets/launch-brand.png,"Conceptual modular computing artwork for Cival Systems, not a product screenshot.",DRAFT_NOT_PUBLISHED
079,Mean reversion,SOURCE_HOLD,40,AM,The Bollinger Mean Reversion Agent is included in Trader Edition. Check bundle contents and release status before choosing a package. https://www.civalsystems.com/store/mean-reversion-agent?utm_source=x&utm_medium=organic_social&utm_campaign=cival_launch_2026&utm_content=post_079,157,assets/launch-brand.png,"Conceptual modular computing artwork for Cival Systems, not a product screenshot.",DRAFT_NOT_PUBLISHED
080,Mean reversion,SOURCE_HOLD,40,PM,"Different market conditions can challenge the same rules. Explore mean-reversion research with clear limits and a plan to evaluate behavior, not just an attractive chart. https://www.civalsystems.com/store/mean-reversion-agent?utm_source=x&utm_medium=organic_social&utm_campaign=cival_launch_2026&utm_content=post_080",194,assets/launch-brand.png,"Conceptual modular computing artwork for Cival Systems, not a product screenshot.",DRAFT_NOT_PUBLISHED
081,Sentiment research,SOURCE_HOLD,41,AM,The Sentiment Proxy Research Agent uses price and volume proxies. It does not include a live news or macroeconomic feed. Read those limitations first. Source sales are on hold. https://www.civalsystems.com/store/macro-sentiment-agent?utm_source=x&utm_medium=organic_social&utm_campaign=cival_launch_2026&utm_content=post_081,200,assets/launch-brand.png,"Conceptual modular computing artwork for Cival Systems, not a product screenshot.",DRAFT_NOT_PUBLISHED
082,Sentiment research,SOURCE_HOLD,41,PM,A proxy is an estimate based on available inputs. Explore the Sentiment Proxy Research Agent with a clear understanding of what its data does and does not represent. https://www.civalsystems.com/store/macro-sentiment-agent?utm_source=x&utm_medium=organic_social&utm_campaign=cival_launch_2026&utm_content=post_082,189,assets/launch-brand.png,"Conceptual modular computing artwork for Cival Systems, not a product screenshot.",DRAFT_NOT_PUBLISHED
083,Sentiment research,SOURCE_HOLD,42,AM,"The broader demo uses a Macro Sentiment label. The downloadable research product has a narrower scope: candle-derived proxies, not a live macro data service. https://www.civalsystems.com/store/macro-sentiment-agent?utm_source=x&utm_medium=organic_social&utm_campaign=cival_launch_2026&utm_content=post_083",181,assets/launch-brand.png,"Conceptual modular computing artwork for Cival Systems, not a product screenshot.",DRAFT_NOT_PUBLISHED
084,Sentiment research,SOURCE_HOLD,42,PM,The Sentiment Proxy Research Agent can issue trade signals. Research branding does not make its outputs risk-free. Read the package details and release notice. https://www.civalsystems.com/store/macro-sentiment-agent?utm_source=x&utm_medium=organic_social&utm_campaign=cival_launch_2026&utm_content=post_084,183,assets/launch-brand.png,"Conceptual modular computing artwork for Cival Systems, not a product screenshot.",DRAFT_NOT_PUBLISHED
085,Sentiment research,SOURCE_HOLD,43,AM,"Data provenance matters. Before choosing a sentiment strategy, ask whether it uses news, external feeds or price-derived estimates. Our product page makes that distinction explicit. https://www.civalsystems.com/store/macro-sentiment-agent?utm_source=x&utm_medium=organic_social&utm_campaign=cival_launch_2026&utm_content=post_085",205,assets/launch-brand.png,"Conceptual modular computing artwork for Cival Systems, not a product screenshot.",DRAFT_NOT_PUBLISHED
086,Customization,EDUCATION,43,PM,"Your trading software should be understandable. Cival source offerings are designed for inspection and customization. Check the license, requirements and current release availability. https://www.civalsystems.com/docs/setup?utm_source=x&utm_medium=organic_social&utm_campaign=cival_launch_2026&utm_content=post_086",207,assets/workflow-square.png,"Conceptual illustration of configure, validate and monitor stages; not a product screenshot.",DRAFT_NOT_PUBLISHED
087,Customization,EDUCATION,44,AM,AI coding tools can help you explore a codebase. They do not replace testing. Review any strategy change before trusting it with account access or capital. https://www.civalsystems.com/docs/setup?utm_source=x&utm_medium=organic_social&utm_campaign=cival_launch_2026&utm_content=post_087,179,assets/workflow-square.png,"Conceptual illustration of configure, validate and monitor stages; not a product screenshot.",DRAFT_NOT_PUBLISHED
088,Customization,EDUCATION,44,PM,"Make changes deliberately: keep a versioned baseline, test the new behavior and document how to roll back. The same discipline applies to trading software. https://www.civalsystems.com/docs/setup?utm_source=x&utm_medium=organic_social&utm_campaign=cival_launch_2026&utm_content=post_088",179,assets/workflow-square.png,"Conceptual illustration of configure, validate and monitor stages; not a product screenshot.",DRAFT_NOT_PUBLISHED
089,Customization,EDUCATION,45,AM,A useful starting point saves setup work while leaving room to learn. Explore the Cival source offering and read the installation requirements before deciding. https://www.civalsystems.com/docs/setup?utm_source=x&utm_medium=organic_social&utm_campaign=cival_launch_2026&utm_content=post_089,183,assets/workflow-square.png,"Conceptual illustration of configure, validate and monitor stages; not a product screenshot.",DRAFT_NOT_PUBLISHED
090,Customization,EDUCATION,45,PM,"Changing a strategy means changing assumptions. Document the inputs, expected behavior and failure cases alongside the code. Start with the setup guide. https://www.civalsystems.com/docs/setup?utm_source=x&utm_medium=organic_social&utm_campaign=cival_launch_2026&utm_content=post_090",176,assets/workflow-square.png,"Conceptual illustration of configure, validate and monitor stages; not a product screenshot.",DRAFT_NOT_PUBLISHED
091,Support and trust,EDUCATION,46,AM,Questions before choosing a Cival product? Tell us whether you want hosting or source software and which workflow you need. That context makes support more useful. https://www.civalsystems.com/contact?utm_source=x&utm_medium=organic_social&utm_campaign=cival_launch_2026&utm_content=post_091,187,assets/workflow-square.png,"Conceptual illustration of configure, validate and monitor stages; not a product screenshot.",DRAFT_NOT_PUBLISHED
092,Support and trust,EDUCATION,46,PM,"When reporting a setup issue, include the product version, selected network and the error message. Leave out secrets, private keys and seed phrases. https://www.civalsystems.com/contact?utm_source=x&utm_medium=organic_social&utm_campaign=cival_launch_2026&utm_content=post_092",172,assets/workflow-square.png,"Conceptual illustration of configure, validate and monitor stages; not a product screenshot.",DRAFT_NOT_PUBLISHED
093,Support and trust,EDUCATION,47,AM,"Good product decisions start with clear questions. Ask about package contents, setup requirements and current availability before paying for software. https://www.civalsystems.com/contact?utm_source=x&utm_medium=organic_social&utm_campaign=cival_launch_2026&utm_content=post_093",174,assets/workflow-square.png,"Conceptual illustration of configure, validate and monitor stages; not a product screenshot.",DRAFT_NOT_PUBLISHED
094,Support and trust,EDUCATION,47,PM,Need clarification on an agent or hosting plan? Use the Cival contact page. We would rather help you understand the requirements before you commit. https://www.civalsystems.com/contact?utm_source=x&utm_medium=organic_social&utm_campaign=cival_launch_2026&utm_content=post_094,171,assets/workflow-square.png,"Conceptual illustration of configure, validate and monitor stages; not a product screenshot.",DRAFT_NOT_PUBLISHED
095,Support and trust,EDUCATION,48,AM,"Your feedback helps identify confusing steps. If a Cival page leaves you unsure what you receive or how setup works, tell us which page and what is unclear. https://www.civalsystems.com/contact?utm_source=x&utm_medium=organic_social&utm_campaign=cival_launch_2026&utm_content=post_095",180,assets/workflow-square.png,"Conceptual illustration of configure, validate and monitor stages; not a product screenshot.",DRAFT_NOT_PUBLISHED
096,Launch conversations,EDUCATION,48,PM,"What is the first thing you look for in a trading dashboard: positions, agent decisions, risk settings or system health? We are building Cival around an understandable operating workflow. https://www.civalsystems.com/about?utm_source=x&utm_medium=organic_social&utm_campaign=cival_launch_2026&utm_content=post_096",211,assets/launch-brand.png,"Conceptual modular computing artwork for Cival Systems, not a product screenshot.",DRAFT_NOT_PUBLISHED
097,Launch conversations,EDUCATION,49,AM,"If you have tried automated trading, which setup step needed the clearest explanation? Account connection, strategy configuration or monitoring? Explore the Cival approach. https://www.civalsystems.com/about?utm_source=x&utm_medium=organic_social&utm_campaign=cival_launch_2026&utm_content=post_097",196,assets/launch-brand.png,"Conceptual modular computing artwork for Cival Systems, not a product screenshot.",DRAFT_NOT_PUBLISHED
098,Launch conversations,EDUCATION,49,PM,Would you rather manage your own trading infrastructure or use a hosted workspace? Cival has separate product paths for those needs. Compare responsibilities before choosing. https://www.civalsystems.com/about?utm_source=x&utm_medium=organic_social&utm_campaign=cival_launch_2026&utm_content=post_098,198,assets/launch-brand.png,"Conceptual modular computing artwork for Cival Systems, not a product screenshot.",DRAFT_NOT_PUBLISHED
099,Launch conversations,EDUCATION,50,AM,"What would make an agent easier to trust operationally? Clear inputs, visible decisions and a tested stop procedure are a useful starting point. Trading still involves risk. https://www.civalsystems.com/about?utm_source=x&utm_medium=organic_social&utm_campaign=cival_launch_2026&utm_content=post_099",197,assets/launch-brand.png,"Conceptual modular computing artwork for Cival Systems, not a product screenshot.",DRAFT_NOT_PUBLISHED
100,Launch conversations,EDUCATION,50,PM,"Explore Cival Systems at your own pace. Read the product details, try the demo and understand the requirements. Choose a workflow you can operate and monitor. https://www.civalsystems.com/about?utm_source=x&utm_medium=organic_social&utm_campaign=cival_launch_2026&utm_content=post_100",182,assets/launch-brand.png,"Conceptual modular computing artwork for Cival Systems, not a product screenshot.",DRAFT_NOT_PUBLISHED
